"Path","Length","LastWriteTime"
".env.local","1072","21/09/2025 11:36:38"
".env.vercel","1184","20/09/2025 23:21:05"
".firebaserc","60","16/09/2025 13:34:48"
".gitattributes","1284","21/09/2025 12:10:44"
".gitignore","491","20/09/2025 15:15:07"
"components.json","469","20/09/2025 11:59:12"
"eslint.config.mjs","524","16/09/2025 12:34:47"
"firebase.json","232","17/09/2025 11:36:24"
"next-env.d.ts","228","20/09/2025 13:55:48"
"next-sitemap.config.js","175","20/09/2025 21:38:21"
"next.config.js","348","20/09/2025 17:19:29"
"package-lock.json","432207","22/09/2025 18:48:20"
"package.json","1083","21/09/2025 12:03:56"
"postcss.config.js","82","17/09/2025 14:25:08"
"project-files.csv","0","22/09/2025 19:14:57"
"README.md","2036","21/09/2025 12:03:56"
"tailwind.config.ts","306","21/09/2025 12:03:56"
"tsconfig.json","880","21/09/2025 13:48:27"
"vercel.json","104","21/09/2025 12:03:56"
".firebase\hosting.b3V0.cache","90","16/09/2025 13:35:22"
".next\app-build-manifest.json","729","22/09/2025 18:56:05"
".next\build-manifest.json","361","22/09/2025 18:56:05"
".next\package.json","20","22/09/2025 18:49:44"
".next\react-loadable-manifest.json","59370","22/09/2025 18:56:05"
".next\trace","136001","22/09/2025 18:56:05"
".next\cache\.tsbuildinfo","554495","21/09/2025 12:46:03"
".next\cache\fetch-cache\8bf45175e983e716b84d9f068150f395f84a3899bb33311985304bec64db03da","1428","21/09/2025 01:26:30"
".next\cache\webpack\client-development\0.pack.gz","288004","22/09/2025 18:57:07"
".next\cache\webpack\client-development\1.pack.gz","25707766","22/09/2025 18:50:06"
".next\cache\webpack\client-development\2.pack.gz","4393","22/09/2025 18:57:07"
".next\cache\webpack\client-development\3.pack.gz","5852500","22/09/2025 18:57:07"
".next\cache\webpack\client-development\4.pack.gz","28150182","22/09/2025 18:57:08"
".next\cache\webpack\client-development\5.pack.gz","221297","22/09/2025 18:54:31"
".next\cache\webpack\client-development\6.pack.gz","2092","21/09/2025 16:51:04"
".next\cache\webpack\client-development\7.pack.gz","4680","22/09/2025 18:54:32"
".next\cache\webpack\client-development\8.pack.gz","28149765","22/09/2025 18:50:06"
".next\cache\webpack\client-development\9.pack.gz","2252","21/09/2025 13:49:24"
".next\cache\webpack\client-development\index.pack.gz","1387050","22/09/2025 18:57:07"
".next\cache\webpack\client-development\index.pack.gz.old","1386885","22/09/2025 18:54:32"
".next\cache\webpack\client-production\0.pack","191131918","21/09/2025 12:45:58"
".next\cache\webpack\client-production\index.pack","50000225","21/09/2025 12:45:58"
".next\cache\webpack\edge-server-production\0.pack","274","21/09/2025 12:45:40"
".next\cache\webpack\edge-server-production\index.pack","10864","21/09/2025 12:45:40"
".next\cache\webpack\server-development\0.pack.gz","8061","22/09/2025 18:54:53"
".next\cache\webpack\server-development\1.pack.gz","246082","22/09/2025 18:51:09"
".next\cache\webpack\server-development\10.pack.gz","118726","21/09/2025 02:29:22"
".next\cache\webpack\server-development\2.pack.gz","11981","22/09/2025 18:52:39"
".next\cache\webpack\server-development\3.pack.gz","4933","22/09/2025 18:57:07"
".next\cache\webpack\server-development\4.pack.gz","1491137","22/09/2025 18:54:53"
".next\cache\webpack\server-development\5.pack.gz","449575","22/09/2025 18:57:07"
".next\cache\webpack\server-development\6.pack.gz","4360","22/09/2025 18:57:07"
".next\cache\webpack\server-development\7.pack.gz","2389981","22/09/2025 18:57:07"
".next\cache\webpack\server-development\8.pack.gz","47431964","22/09/2025 18:57:09"
".next\cache\webpack\server-development\9.pack.gz","2075737","21/09/2025 02:29:22"
".next\cache\webpack\server-development\index.pack.gz","1558239","22/09/2025 18:57:07"
".next\cache\webpack\server-development\index.pack.gz.old","1557556","22/09/2025 18:54:53"
".next\cache\webpack\server-production\0.pack","207930370","21/09/2025 12:45:39"
".next\cache\webpack\server-production\index.pack","44538632","21/09/2025 12:45:39"
".next\server\app-paths-manifest.json","204","22/09/2025 18:56:04"
".next\server\interception-route-rewrite-manifest.js","47","22/09/2025 18:49:45"
".next\server\middleware-build-manifest.js","474","22/09/2025 18:56:05"
".next\server\middleware-manifest.json","83","22/09/2025 18:49:45"
".next\server\middleware-react-loadable-manifest.js","60786","22/09/2025 18:56:05"
".next\server\next-font-manifest.js","113","22/09/2025 18:56:05"
".next\server\next-font-manifest.json","77","22/09/2025 18:56:05"
".next\server\pages-manifest.json","2","22/09/2025 18:56:04"
".next\server\server-reference-manifest.js","140","22/09/2025 18:56:04"
".next\server\server-reference-manifest.json","97","22/09/2025 18:56:04"
".next\server\webpack-runtime.js","8952","22/09/2025 18:56:04"
".next\server\_8367.js","880","22/09/2025 18:49:52"
".next\server\_88ed.js","790","22/09/2025 18:49:52"
".next\server\app\page.js","101752","22/09/2025 18:55:09"
".next\server\app\page_client-reference-manifest.js","7528","22/09/2025 18:56:05"
".next\server\app\api\query\route.js","30496","22/09/2025 18:53:51"
".next\server\app\favicon.ico\route.js","96859","22/09/2025 18:50:08"
".next\server\app\lab\page.js","106364","22/09/2025 18:55:09"
".next\server\app\lab\page_client-reference-manifest.js","7649","22/09/2025 18:56:05"
".next\server\app\roadmap\page.js","124447","22/09/2025 18:56:04"
".next\server\app\roadmap\page_client-reference-manifest.js","7643","22/09/2025 18:56:05"
".next\server\app\_not-found\page.js","73732","22/09/2025 18:55:09"
".next\server\app\_not-found\page_client-reference-manifest.js","7617","22/09/2025 18:56:05"
".next\server\vendor-chunks\@adraffy.js","178451","22/09/2025 18:49:53"
".next\server\vendor-chunks\@coinbase.js","2042302","22/09/2025 18:49:52"
".next\server\vendor-chunks\@google.js","168976","22/09/2025 18:53:51"
".next\server\vendor-chunks\@lit-labs.js","81291","22/09/2025 18:49:52"
".next\server\vendor-chunks\@lit.js","205747","22/09/2025 18:49:52"
".next\server\vendor-chunks\@metamask.js","1330560","22/09/2025 18:49:52"
".next\server\vendor-chunks\@noble.js","1052576","22/09/2025 18:49:52"
".next\server\vendor-chunks\@rainbow-me.js","6621227","22/09/2025 18:49:52"
".next\server\vendor-chunks\@reown.js","5843620","22/09/2025 18:49:52"
".next\server\vendor-chunks\@safe-global.js","347653","22/09/2025 18:49:52"
".next\server\vendor-chunks\@socket.io.js","11189","22/09/2025 18:49:53"
".next\server\vendor-chunks\@swc.js","13961","22/09/2025 18:49:52"
".next\server\vendor-chunks\@tanstack.js","315560","22/09/2025 18:49:52"
".next\server\vendor-chunks\@vanilla-extract.js","47263","22/09/2025 18:49:52"
".next\server\vendor-chunks\@wagmi.js","529960","22/09/2025 18:53:30"
".next\server\vendor-chunks\@walletconnect.js","2164219","22/09/2025 18:49:52"
".next\server\vendor-chunks\abitype.js","286590","22/09/2025 18:49:52"
".next\server\vendor-chunks\async-mutex.js","24359","22/09/2025 18:49:52"
".next\server\vendor-chunks\atomic-sleep.js","4497","22/09/2025 18:49:53"
".next\server\vendor-chunks\available-typed-arrays.js","2948","22/09/2025 18:49:53"
".next\server\vendor-chunks\base-x.js","13034","22/09/2025 18:49:53"
".next\server\vendor-chunks\big.js.js","70786","22/09/2025 18:49:53"
".next\server\vendor-chunks\bn.js.js","243698","22/09/2025 18:49:53"
".next\server\vendor-chunks\bs58.js","2241","22/09/2025 18:49:53"
".next\server\vendor-chunks\bufferutil.js","5168","22/09/2025 18:49:52"
".next\server\vendor-chunks\call-bind-apply-helpers.js","10541","22/09/2025 18:49:52"
".next\server\vendor-chunks\call-bind.js","3571","22/09/2025 18:49:53"
".next\server\vendor-chunks\call-bound.js","3425","22/09/2025 18:49:53"
".next\server\vendor-chunks\cbw-sdk.js","779854","22/09/2025 18:49:52"
".next\server\vendor-chunks\clsx.js","2804","22/09/2025 18:49:53"
".next\server\vendor-chunks\cross-fetch.js","3258","22/09/2025 18:49:53"
".next\server\vendor-chunks\cuer.js","31431","22/09/2025 18:49:53"
".next\server\vendor-chunks\dayjs.js","28727","22/09/2025 18:49:52"
".next\server\vendor-chunks\debug.js","56642","22/09/2025 18:49:52"
".next\server\vendor-chunks\define-data-property.js","7981","22/09/2025 18:49:53"
".next\server\vendor-chunks\derive-valtio.js","7477","22/09/2025 18:49:53"
".next\server\vendor-chunks\destr.js","7796","22/09/2025 18:49:53"
".next\server\vendor-chunks\detect-browser.js","22813","22/09/2025 18:49:53"
".next\server\vendor-chunks\dijkstrajs.js","14968","22/09/2025 18:49:53"
".next\server\vendor-chunks\dunder-proto.js","4241","22/09/2025 18:49:53"
".next\server\vendor-chunks\encode-utf8.js","4994","22/09/2025 18:49:53"
".next\server\vendor-chunks\engine.io-client.js","624133","22/09/2025 18:49:52"
".next\server\vendor-chunks\engine.io-parser.js","32953","22/09/2025 18:49:52"
".next\server\vendor-chunks\es-define-property.js","2268","22/09/2025 18:49:53"
".next\server\vendor-chunks\es-errors.js","6759","22/09/2025 18:49:52"
".next\server\vendor-chunks\es-object-atoms.js","1587","22/09/2025 18:49:53"
".next\server\vendor-chunks\eth-block-tracker.js","251509","22/09/2025 18:49:52"
".next\server\vendor-chunks\eth-json-rpc-filters.js","75116","22/09/2025 18:49:52"
".next\server\vendor-chunks\eth-query.js","15316","22/09/2025 18:49:53"
".next\server\vendor-chunks\eth-rpc-errors.js","80052","22/09/2025 18:49:52"
".next\server\vendor-chunks\eventemitter2.js","119797","22/09/2025 18:49:53"
".next\server\vendor-chunks\eventemitter3.js","27652","22/09/2025 18:49:53"
".next\server\vendor-chunks\fast-redact.js","62078","22/09/2025 18:49:52"
".next\server\vendor-chunks\fast-safe-stringify.js","17162","22/09/2025 18:49:53"
".next\server\vendor-chunks\for-each.js","7728","22/09/2025 18:49:53"
".next\server\vendor-chunks\function-bind.js","8163","22/09/2025 18:49:53"
".next\server\vendor-chunks\get-intrinsic.js","42133","22/09/2025 18:49:53"
".next\server\vendor-chunks\get-nonce.js","2575","22/09/2025 18:49:53"
".next\server\vendor-chunks\get-proto.js","6485","22/09/2025 18:49:52"
".next\server\vendor-chunks\gopd.js","2935","22/09/2025 18:49:53"
".next\server\vendor-chunks\has-flag.js","2165","22/09/2025 18:49:52"
".next\server\vendor-chunks\has-property-descriptors.js","3233","22/09/2025 18:49:53"
".next\server\vendor-chunks\has-symbols.js","8510","22/09/2025 18:49:53"
".next\server\vendor-chunks\has-tostringtag.js","2052","22/09/2025 18:49:53"
".next\server\vendor-chunks\hasown.js","1999","22/09/2025 18:49:53"
".next\server\vendor-chunks\idb-keyval.js","19167","22/09/2025 18:49:52"
".next\server\vendor-chunks\inherits.js","4960","22/09/2025 18:49:53"
".next\server\vendor-chunks\is-callable.js","10411","22/09/2025 18:49:53"
".next\server\vendor-chunks\is-typed-array.js","2026","22/09/2025 18:49:53"
".next\server\vendor-chunks\isarray.js","1668","22/09/2025 18:49:53"
".next\server\vendor-chunks\isows.js","5137","22/09/2025 18:49:53"
".next\server\vendor-chunks\json-rpc-engine.js","84435","22/09/2025 18:49:52"
".next\server\vendor-chunks\json-rpc-random-id.js","2267","22/09/2025 18:49:53"
".next\server\vendor-chunks\keccak.js","42748","22/09/2025 18:49:52"
".next\server\vendor-chunks\lit-element.js","26794","22/09/2025 18:49:53"
".next\server\vendor-chunks\lit-html.js","269241","22/09/2025 18:49:52"
".next\server\vendor-chunks\lit.js","16938","22/09/2025 18:49:52"
".next\server\vendor-chunks\math-intrinsics.js","8642","22/09/2025 18:49:52"
".next\server\vendor-chunks\mipd.js","9201","22/09/2025 18:49:52"
".next\server\vendor-chunks\ms.js","9845","22/09/2025 18:49:52"
".next\server\vendor-chunks\multiformats.js","124048","22/09/2025 18:49:52"
".next\server\vendor-chunks\next.js","2354215","22/09/2025 18:55:59"
".next\server\vendor-chunks\node-fetch.js","132546","22/09/2025 18:49:52"
".next\server\vendor-chunks\node-gyp-build.js","19420","22/09/2025 18:49:52"
".next\server\vendor-chunks\on-exit-leak-free.js","4236","22/09/2025 18:49:53"
".next\server\vendor-chunks\openai.js","1059848","22/09/2025 18:53:51"
".next\server\vendor-chunks\openapi-fetch.js","49326","22/09/2025 18:49:53"
".next\server\vendor-chunks\ox.js","1072054","22/09/2025 18:49:52"
".next\server\vendor-chunks\pino-std-serializers.js","18873","22/09/2025 18:49:52"
".next\server\vendor-chunks\pino.js","142608","22/09/2025 18:49:52"
".next\server\vendor-chunks\pngjs.js","188467","22/09/2025 18:49:52"
".next\server\vendor-chunks\possible-typed-array-names.js","2298","22/09/2025 18:49:53"
".next\server\vendor-chunks\preact.js","84559","22/09/2025 18:49:52"
".next\server\vendor-chunks\process-warning.js","5353","22/09/2025 18:49:53"
".next\server\vendor-chunks\proxy-compare.js","8906","22/09/2025 18:49:53"
".next\server\vendor-chunks\qr.js","117106","22/09/2025 18:49:53"
".next\server\vendor-chunks\qrcode.js","261920","22/09/2025 18:49:52"
".next\server\vendor-chunks\quick-format-unescaped.js","8696","22/09/2025 18:49:53"
".next\server\vendor-chunks\react-remove-scroll-bar.js","21443","22/09/2025 18:49:52"
".next\server\vendor-chunks\react-remove-scroll.js","54593","22/09/2025 18:49:52"
".next\server\vendor-chunks\react-style-singleton.js","13955","22/09/2025 18:49:52"
".next\server\vendor-chunks\readable-stream.js","286429","22/09/2025 18:49:52"
".next\server\vendor-chunks\safe-buffer.js","5908","22/09/2025 18:49:53"
".next\server\vendor-chunks\safe-stable-stringify.js","54912","22/09/2025 18:49:53"
".next\server\vendor-chunks\semver.js","221233","22/09/2025 18:49:52"
".next\server\vendor-chunks\set-function-length.js","5447","22/09/2025 18:49:53"
".next\server\vendor-chunks\sha.js.js","63817","22/09/2025 18:49:52"
".next\server\vendor-chunks\socket.io-client.js","185388","22/09/2025 18:49:52"
".next\server\vendor-chunks\socket.io-parser.js","99273","22/09/2025 18:49:52"
".next\server\vendor-chunks\sonic-boom.js","28274","22/09/2025 18:49:53"
".next\server\vendor-chunks\string_decoder.js","26329","22/09/2025 18:49:53"
".next\server\vendor-chunks\superstruct.js","86432","22/09/2025 18:49:53"
".next\server\vendor-chunks\supports-color.js","9517","22/09/2025 18:49:52"
".next\server\vendor-chunks\thread-stream.js","42310","22/09/2025 18:49:52"
".next\server\vendor-chunks\to-buffer.js","10229","22/09/2025 18:49:53"
".next\server\vendor-chunks\tr46.js","282373","22/09/2025 18:49:52"
".next\server\vendor-chunks\tslib.js","50458","22/09/2025 18:49:53"
".next\server\vendor-chunks\typed-array-buffer.js","3319","22/09/2025 18:49:53"
".next\server\vendor-chunks\ua-parser-js.js","142864","22/09/2025 18:49:53"
".next\server\vendor-chunks\uint8arrays.js","22872","22/09/2025 18:49:52"
".next\server\vendor-chunks\use-callback-ref.js","14746","22/09/2025 18:49:52"
".next\server\vendor-chunks\use-sidecar.js","12065","22/09/2025 18:49:53"
".next\server\vendor-chunks\use-sync-external-store.js","24756","22/09/2025 18:49:52"
".next\server\vendor-chunks\utf-8-validate.js","7126","22/09/2025 18:49:52"
".next\server\vendor-chunks\util-deprecate.js","1781","22/09/2025 18:49:53"
".next\server\vendor-chunks\uuid.js","13675","22/09/2025 18:49:52"
".next\server\vendor-chunks\valtio.js","61581","22/09/2025 18:49:52"
".next\server\vendor-chunks\viem.js","7462328","22/09/2025 18:49:52"
".next\server\vendor-chunks\wagmi.js","73030","22/09/2025 18:49:52"
".next\server\vendor-chunks\webidl-conversions.js","15142","22/09/2025 18:49:52"
".next\server\vendor-chunks\whatwg-url.js","126583","22/09/2025 18:49:52"
".next\server\vendor-chunks\which-typed-array.js","12569","22/09/2025 18:49:53"
".next\server\vendor-chunks\ws.js","375626","22/09/2025 18:49:52"
".next\server\vendor-chunks\xmlhttprequest-ssl.js","56530","22/09/2025 18:49:53"
".next\server\vendor-chunks\xtend.js","2380","22/09/2025 18:49:53"
".next\server\vendor-chunks\zustand.js","43643","22/09/2025 18:49:52"
".next\static\chunks\app-pages-internals.js","134531","22/09/2025 18:50:02"
".next\static\chunks\main-app.js","6025042","22/09/2025 18:50:02"
".next\static\chunks\polyfills.js","112594","22/09/2025 18:49:45"
".next\static\chunks\webpack.js","56621","22/09/2025 18:56:05"
".next\static\chunks\_app-pages-browser_node_modules_cbw-sdk_dist_index_js.js","2806867","22/09/2025 18:50:02"
".next\static\chunks\_app-pages-browser_node_modules_coinbase_wallet-sdk_dist_index_js.js","2954270","22/09/2025 18:50:02"
".next\static\chunks\_app-pages-browser_node_modules_metamask_sdk_dist_browser_es_metamask-sdk_js.js","1948013","22/09/2025 18:50:02"
".next\static\chunks\_app-pages-browser_node_modules_rainbow-me_rainbowkit_dist_apechain-SX5YFU6N_js.js","5774","22/09/2025 18:50:02"
".next\static\chunks\_app-pages-browser_node_modules_rainbow-me_rainbowkit_dist_arbitrum-WURIBY6W_js.js","8418","22/09/2025 18:50:02"
".next\static\chunks\_app-pages-browser_node_modules_rainbow-me_rainbowkit_dist_Arc-VDBY7LNS_js.js","17680","22/09/2025 18:50:02"
".next\static\chunks\_app-pages-browser_node_modules_rainbow-me_rainbowkit_dist_ar_AR-CTNWGWSS_js.js","290053","22/09/2025 18:50:02"
".next\static\chunks\_app-pages-browser_node_modules_rainbow-me_rainbowkit_dist_assets-Q6ZU7ZJ5_js.js","57392","22/09/2025 18:50:02"
".next\static\chunks\_app-pages-browser_node_modules_rainbow-me_rainbowkit_dist_avalanche-KOMJD3XY_js.js","5348","22/09/2025 18:50:02"
".next\static\chunks\_app-pages-browser_node_modules_rainbow-me_rainbowkit_dist_base-OAXLRA4F_js.js","3711","22/09/2025 18:50:02"
".next\static\chunks\_app-pages-browser_node_modules_rainbow-me_rainbowkit_dist_berachain-NJECWIVC_js.js","11200","22/09/2025 18:50:02"
".next\static\chunks\_app-pages-browser_node_modules_rainbow-me_rainbowkit_dist_blast-V555OVXZ_js.js","6218","22/09/2025 18:50:02"
".next\static\chunks\_app-pages-browser_node_modules_rainbow-me_rainbowkit_dist_Brave-BRAKJXDS_js.js","12204","22/09/2025 18:50:02"
".next\static\chunks\_app-pages-browser_node_modules_rainbow-me_rainbowkit_dist_Browser-76IHF3Y2_js.js","29886","22/09/2025 18:50:02"
".next\static\chunks\_app-pages-browser_node_modules_rainbow-me_rainbowkit_dist_bsc-N647EYR2_js.js","5985","22/09/2025 18:50:02"
".next\static\chunks\_app-pages-browser_node_modules_rainbow-me_rainbowkit_dist_celo-GEP4TUHG_js.js","3489","22/09/2025 18:50:02"
".next\static\chunks\_app-pages-browser_node_modules_rainbow-me_rainbowkit_dist_Chrome-65Q5P54Y_js.js","6300","22/09/2025 18:50:02"
".next\static\chunks\_app-pages-browser_node_modules_rainbow-me_rainbowkit_dist_coinbaseWallet-OKXU3TRC_js.js","4376","22/09/2025 18:50:02"
".next\static\chunks\_app-pages-browser_node_modules_rainbow-me_rainbowkit_dist_connect-UA7M4XW6_js.js","10571","22/09/2025 18:50:02"
".next\static\chunks\_app-pages-browser_node_modules_rainbow-me_rainbowkit_dist_create-FASO7PVG_js.js","12381","22/09/2025 18:50:02"
".next\static\chunks\_app-pages-browser_node_modules_rainbow-me_rainbowkit_dist_cronos-HJPAQTAE_js.js","5885","22/09/2025 18:50:02"
".next\static\chunks\_app-pages-browser_node_modules_rainbow-me_rainbowkit_dist_degen-FQQ4XGHB_js.js","5786","22/09/2025 18:50:02"
".next\static\chunks\_app-pages-browser_node_modules_rainbow-me_rainbowkit_dist_de_DE-P43L3PR7_js.js","163613","22/09/2025 18:50:02"
".next\static\chunks\_app-pages-browser_node_modules_rainbow-me_rainbowkit_dist_Edge-XSPUTORV_js.js","15823","22/09/2025 18:50:02"
".next\static\chunks\_app-pages-browser_node_modules_rainbow-me_rainbowkit_dist_en_US-RFN65H63_js.js","2503","22/09/2025 18:50:02"
".next\static\chunks\_app-pages-browser_node_modules_rainbow-me_rainbowkit_dist_es_419-JBX5FS3Q_js.js","155070","22/09/2025 18:50:02"
".next\static\chunks\_app-pages-browser_node_modules_rainbow-me_rainbowkit_dist_ethereum-RGGVA4PY_js.js","5576","22/09/2025 18:50:02"
".next\static\chunks\_app-pages-browser_node_modules_rainbow-me_rainbowkit_dist_Firefox-AAHGJQIP_js.js","37739","22/09/2025 18:50:02"
".next\static\chunks\_app-pages-browser_node_modules_rainbow-me_rainbowkit_dist_flow-5FQJFCTK_js.js","4315","22/09/2025 18:50:02"
".next\static\chunks\_app-pages-browser_node_modules_rainbow-me_rainbowkit_dist_fr_FR-CM2EDAQC_js.js","168362","22/09/2025 18:50:02"
".next\static\chunks\_app-pages-browser_node_modules_rainbow-me_rainbowkit_dist_gnosis-37ZC4RBL_js.js","6529","22/09/2025 18:50:02"
".next\static\chunks\_app-pages-browser_node_modules_rainbow-me_rainbowkit_dist_gravity-J5YQHTYH_js.js","5944","22/09/2025 18:50:02"
".next\static\chunks\_app-pages-browser_node_modules_rainbow-me_rainbowkit_dist_hardhat-TX56IT5N_js.js","12154","22/09/2025 18:50:02"
".next\static\chunks\_app-pages-browser_node_modules_rainbow-me_rainbowkit_dist_hi_IN-GYVCUYRD_js.js","382395","22/09/2025 18:50:02"
".next\static\chunks\_app-pages-browser_node_modules_rainbow-me_rainbowkit_dist_hyperevm-VKPAA4SA_js.js","4064","22/09/2025 18:50:02"
".next\static\chunks\_app-pages-browser_node_modules_rainbow-me_rainbowkit_dist_id_ID-7ZWSMOOE_js.js","147473","22/09/2025 18:50:02"
".next\static\chunks\_app-pages-browser_node_modules_rainbow-me_rainbowkit_dist_ink-FZMYZWHG_js.js","5508","22/09/2025 18:50:02"
".next\static\chunks\_app-pages-browser_node_modules_rainbow-me_rainbowkit_dist_ja_JP-CGMP6VLZ_js.js","250804","22/09/2025 18:50:02"
".next\static\chunks\_app-pages-browser_node_modules_rainbow-me_rainbowkit_dist_kaia-65D2U3PU_js.js","5756","22/09/2025 18:50:02"
".next\static\chunks\_app-pages-browser_node_modules_rainbow-me_rainbowkit_dist_ko_KR-YCZDTF7X_js.js","213087","22/09/2025 18:50:02"
".next\static\chunks\_app-pages-browser_node_modules_rainbow-me_rainbowkit_dist_linea-QRMVQ5DY_js.js","4770","22/09/2025 18:50:02"
".next\static\chunks\_app-pages-browser_node_modules_rainbow-me_rainbowkit_dist_Linux-OO4TNCLJ_js.js","214910","22/09/2025 18:50:02"
".next\static\chunks\_app-pages-browser_node_modules_rainbow-me_rainbowkit_dist_login-UP3DZBGS_js.js","30251","22/09/2025 18:50:02"
".next\static\chunks\_app-pages-browser_node_modules_rainbow-me_rainbowkit_dist_Macos-MW4AE7LN_js.js","118184","22/09/2025 18:50:02"
".next\static\chunks\_app-pages-browser_node_modules_rainbow-me_rainbowkit_dist_manta-SI27YFEJ_js.js","9783","22/09/2025 18:50:02"
".next\static\chunks\_app-pages-browser_node_modules_rainbow-me_rainbowkit_dist_mantle-CKIUT334_js.js","14630","22/09/2025 18:50:02"
".next\static\chunks\_app-pages-browser_node_modules_rainbow-me_rainbowkit_dist_metaMaskWallet-SITXT2FV_js.js","22332","22/09/2025 18:50:02"
".next\static\chunks\_app-pages-browser_node_modules_rainbow-me_rainbowkit_dist_ms_MY-5LHAYMS7_js.js","149383","22/09/2025 18:50:02"
".next\static\chunks\_app-pages-browser_node_modules_rainbow-me_rainbowkit_dist_Opera-KQZLSACL_js.js","7156","22/09/2025 18:50:02"
".next\static\chunks\_app-pages-browser_node_modules_rainbow-me_rainbowkit_dist_optimism-HAF2GUT7_js.js","4071","22/09/2025 18:50:02"
".next\static\chunks\_app-pages-browser_node_modules_rainbow-me_rainbowkit_dist_polygon-WW6ZI7PM_js.js","5924","22/09/2025 18:50:02"
".next\static\chunks\_app-pages-browser_node_modules_rainbow-me_rainbowkit_dist_pt_BR-3JTS4PSK_js.js","153799","22/09/2025 18:50:02"
".next\static\chunks\_app-pages-browser_node_modules_rainbow-me_rainbowkit_dist_rainbowWallet-O26YNBMX_js.js","14398","22/09/2025 18:50:02"
".next\static\chunks\_app-pages-browser_node_modules_rainbow-me_rainbowkit_dist_refresh-S4T5V5GX_js.js","9306","22/09/2025 18:50:02"
".next\static\chunks\_app-pages-browser_node_modules_rainbow-me_rainbowkit_dist_ronin-EMCPYXZT_js.js","8549","22/09/2025 18:50:02"
".next\static\chunks\_app-pages-browser_node_modules_rainbow-me_rainbowkit_dist_ru_RU-6J6XERHI_js.js","389305","22/09/2025 18:50:02"
".next\static\chunks\_app-pages-browser_node_modules_rainbow-me_rainbowkit_dist_Safari-ZPL37GXR_js.js","34368","22/09/2025 18:50:02"
".next\static\chunks\_app-pages-browser_node_modules_rainbow-me_rainbowkit_dist_safeWallet-5MNKTR5Z_js.js","6639","22/09/2025 18:50:02"
".next\static\chunks\_app-pages-browser_node_modules_rainbow-me_rainbowkit_dist_sanko-RHQYXGM5_js.js","53477","22/09/2025 18:50:02"
".next\static\chunks\_app-pages-browser_node_modules_rainbow-me_rainbowkit_dist_scan-4UYSQ56Q_js.js","12945","22/09/2025 18:50:02"
".next\static\chunks\_app-pages-browser_node_modules_rainbow-me_rainbowkit_dist_scroll-5OBGQVOV_js.js","8477","22/09/2025 18:50:02"
".next\static\chunks\_app-pages-browser_node_modules_rainbow-me_rainbowkit_dist_sign-A7IJEUT5_js.js","15193","22/09/2025 18:50:02"
".next\static\chunks\_app-pages-browser_node_modules_rainbow-me_rainbowkit_dist_superposition-HG6MMR2Y_js.js","4760","22/09/2025 18:50:02"
".next\static\chunks\_app-pages-browser_node_modules_rainbow-me_rainbowkit_dist_th_TH-STXOD4CR_js.js","370301","22/09/2025 18:50:02"
".next\static\chunks\_app-pages-browser_node_modules_rainbow-me_rainbowkit_dist_tr_TR-P7QAUUZU_js.js","177100","22/09/2025 18:50:02"
".next\static\chunks\_app-pages-browser_node_modules_rainbow-me_rainbowkit_dist_uk_UA-JTTBGJGQ_js.js","380997","22/09/2025 18:50:02"
".next\static\chunks\_app-pages-browser_node_modules_rainbow-me_rainbowkit_dist_unichain-C5BWO2ZY_js.js","4667","22/09/2025 18:50:02"
".next\static\chunks\_app-pages-browser_node_modules_rainbow-me_rainbowkit_dist_vi_VN-5XUUAVWW_js.js","203976","22/09/2025 18:50:02"
".next\static\chunks\_app-pages-browser_node_modules_rainbow-me_rainbowkit_dist_walletConnectWallet-YHWKVTDY_js.js","6947","22/09/2025 18:50:02"
".next\static\chunks\_app-pages-browser_node_modules_rainbow-me_rainbowkit_dist_Windows-PPTHQER6_js.js","3522","22/09/2025 18:50:02"
".next\static\chunks\_app-pages-browser_node_modules_rainbow-me_rainbowkit_dist_xdc-KJ3TDBYO_js.js","5341","22/09/2025 18:50:02"
".next\static\chunks\_app-pages-browser_node_modules_rainbow-me_rainbowkit_dist_zetachain-TLDS5IPW_js.js","3781","22/09/2025 18:50:02"
".next\static\chunks\_app-pages-browser_node_modules_rainbow-me_rainbowkit_dist_zh_CN-RGMLPFEP_js.js","177362","22/09/2025 18:50:02"
".next\static\chunks\_app-pages-browser_node_modules_rainbow-me_rainbowkit_dist_zh_HK-YM3T6EI5_js.js","179723","22/09/2025 18:50:02"
".next\static\chunks\_app-pages-browser_node_modules_rainbow-me_rainbowkit_dist_zh_TW-HAEH6VE5_js.js","176133","22/09/2025 18:50:02"
".next\static\chunks\_app-pages-browser_node_modules_rainbow-me_rainbowkit_dist_zksync-DH7HK5U4_js.js","4934","22/09/2025 18:50:02"
".next\static\chunks\_app-pages-browser_node_modules_rainbow-me_rainbowkit_dist_zora-FYL5H3IO_js.js","8556","22/09/2025 18:50:02"
".next\static\chunks\_app-pages-browser_node_modules_reown_appkit-controllers_node_modules_noble_curves_esm_secp256k1_js.js","376000","22/09/2025 18:50:02"
".next\static\chunks\_app-pages-browser_node_modules_reown_appkit-scaffold-ui_dist_esm_exports_basic_js.js","1365615","22/09/2025 18:50:02"
".next\static\chunks\_app-pages-browser_node_modules_reown_appkit-scaffold-ui_dist_esm_exports_w3m-modal_js.js","564526","22/09/2025 18:50:02"
".next\static\chunks\_app-pages-browser_node_modules_reown_appkit-ui_dist_esm_src_assets_svg_add_js.js","4030","22/09/2025 18:50:02"
".next\static\chunks\_app-pages-browser_node_modules_reown_appkit-ui_dist_esm_src_assets_svg_all-wallets_js.js","3291","22/09/2025 18:50:02"
".next\static\chunks\_app-pages-browser_node_modules_reown_appkit-ui_dist_esm_src_assets_svg_app-store_js.js","5151","22/09/2025 18:50:02"
".next\static\chunks\_app-pages-browser_node_modules_reown_appkit-ui_dist_esm_src_assets_svg_apple_js.js","4585","22/09/2025 18:50:02"
".next\static\chunks\_app-pages-browser_node_modules_reown_appkit-ui_dist_esm_src_assets_svg_arrow-bottom-circle_js.js","5022","22/09/2025 18:50:02"
".next\static\chunks\_app-pages-browser_node_modules_reown_appkit-ui_dist_esm_src_assets_svg_arrow-bottom_js.js","3239","22/09/2025 18:50:02"
".next\static\chunks\_app-pages-browser_node_modules_reown_appkit-ui_dist_esm_src_assets_svg_arrow-left_js.js","3213","22/09/2025 18:50:02"
".next\static\chunks\_app-pages-browser_node_modules_reown_appkit-ui_dist_esm_src_assets_svg_arrow-right_js.js","3228","22/09/2025 18:50:02"
".next\static\chunks\_app-pages-browser_node_modules_reown_appkit-ui_dist_esm_src_assets_svg_arrow-top_js.js","3194","22/09/2025 18:50:02"
".next\static\chunks\_app-pages-browser_node_modules_reown_appkit-ui_dist_esm_src_assets_svg_bank_js.js","4437","22/09/2025 18:50:02"
".next\static\chunks\_app-pages-browser_node_modules_reown_appkit-ui_dist_esm_src_assets_svg_browser_js.js","5967","22/09/2025 18:50:02"
".next\static\chunks\_app-pages-browser_node_modules_reown_appkit-ui_dist_esm_src_assets_svg_card_js.js","8282","22/09/2025 18:50:02"
".next\static\chunks\_app-pages-browser_node_modules_reown_appkit-ui_dist_esm_src_assets_svg_checkmark-bold_js.js","3811","22/09/2025 18:50:02"
".next\static\chunks\_app-pages-browser_node_modules_reown_appkit-ui_dist_esm_src_assets_svg_checkmark_js.js","3922","22/09/2025 18:50:02"
".next\static\chunks\_app-pages-browser_node_modules_reown_appkit-ui_dist_esm_src_assets_svg_chevron-bottom_js.js","3231","22/09/2025 18:50:02"
".next\static\chunks\_app-pages-browser_node_modules_reown_appkit-ui_dist_esm_src_assets_svg_chevron-left_js.js","3198","22/09/2025 18:50:02"
".next\static\chunks\_app-pages-browser_node_modules_reown_appkit-ui_dist_esm_src_assets_svg_chevron-right_js.js","3218","22/09/2025 18:50:02"
".next\static\chunks\_app-pages-browser_node_modules_reown_appkit-ui_dist_esm_src_assets_svg_chevron-top_js.js","3186","22/09/2025 18:50:02"
".next\static\chunks\_app-pages-browser_node_modules_reown_appkit-ui_dist_esm_src_assets_svg_chrome-store_js.js","8981","22/09/2025 18:50:02"
".next\static\chunks\_app-pages-browser_node_modules_reown_appkit-ui_dist_esm_src_assets_svg_clock_js.js","4152","22/09/2025 18:50:02"
".next\static\chunks\_app-pages-browser_node_modules_reown_appkit-ui_dist_esm_src_assets_svg_close_js.js","3213","22/09/2025 18:50:02"
".next\static\chunks\_app-pages-browser_node_modules_reown_appkit-ui_dist_esm_src_assets_svg_coinPlaceholder_js.js","3485","22/09/2025 18:50:02"
".next\static\chunks\_app-pages-browser_node_modules_reown_appkit-ui_dist_esm_src_assets_svg_compass_js.js","3429","22/09/2025 18:50:02"
".next\static\chunks\_app-pages-browser_node_modules_reown_appkit-ui_dist_esm_src_assets_svg_copy_js.js","11159","22/09/2025 18:50:02"
".next\static\chunks\_app-pages-browser_node_modules_reown_appkit-ui_dist_esm_src_assets_svg_cursor-transparent_js.js","3785","22/09/2025 18:50:02"
".next\static\chunks\_app-pages-browser_node_modules_reown_appkit-ui_dist_esm_src_assets_svg_cursor_js.js","2747","22/09/2025 18:50:02"
".next\static\chunks\_app-pages-browser_node_modules_reown_appkit-ui_dist_esm_src_assets_svg_desktop_js.js","5196","22/09/2025 18:50:02"
".next\static\chunks\_app-pages-browser_node_modules_reown_appkit-ui_dist_esm_src_assets_svg_disconnect_js.js","4321","22/09/2025 18:50:02"
".next\static\chunks\_app-pages-browser_node_modules_reown_appkit-ui_dist_esm_src_assets_svg_discord_js.js","5392","22/09/2025 18:50:02"
".next\static\chunks\_app-pages-browser_node_modules_reown_appkit-ui_dist_esm_src_assets_svg_etherscan_js.js","3850","22/09/2025 18:50:02"
".next\static\chunks\_app-pages-browser_node_modules_reown_appkit-ui_dist_esm_src_assets_svg_exclamation-triangle_js.js","7992","22/09/2025 18:50:02"
".next\static\chunks\_app-pages-browser_node_modules_reown_appkit-ui_dist_esm_src_assets_svg_extension_js.js","5570","22/09/2025 18:50:02"
".next\static\chunks\_app-pages-browser_node_modules_reown_appkit-ui_dist_esm_src_assets_svg_external-link_js.js","3217","22/09/2025 18:50:02"
".next\static\chunks\_app-pages-browser_node_modules_reown_appkit-ui_dist_esm_src_assets_svg_facebook_js.js","5355","22/09/2025 18:50:02"
".next\static\chunks\_app-pages-browser_node_modules_reown_appkit-ui_dist_esm_src_assets_svg_farcaster_js.js","4696","22/09/2025 18:50:02"
".next\static\chunks\_app-pages-browser_node_modules_reown_appkit-ui_dist_esm_src_assets_svg_filters_js.js","3260","22/09/2025 18:50:02"
".next\static\chunks\_app-pages-browser_node_modules_reown_appkit-ui_dist_esm_src_assets_svg_github_js.js","4997","22/09/2025 18:50:02"
".next\static\chunks\_app-pages-browser_node_modules_reown_appkit-ui_dist_esm_src_assets_svg_google_js.js","4199","22/09/2025 18:50:02"
".next\static\chunks\_app-pages-browser_node_modules_reown_appkit-ui_dist_esm_src_assets_svg_help-circle_js.js","3969","22/09/2025 18:50:02"
".next\static\chunks\_app-pages-browser_node_modules_reown_appkit-ui_dist_esm_src_assets_svg_id_js.js","6271","22/09/2025 18:50:02"
".next\static\chunks\_app-pages-browser_node_modules_reown_appkit-ui_dist_esm_src_assets_svg_image_js.js","10317","22/09/2025 18:50:02"
".next\static\chunks\_app-pages-browser_node_modules_reown_appkit-ui_dist_esm_src_assets_svg_info-circle_js.js","3410","22/09/2025 18:50:02"
".next\static\chunks\_app-pages-browser_node_modules_reown_appkit-ui_dist_esm_src_assets_svg_info_js.js","7411","22/09/2025 18:50:02"
".next\static\chunks\_app-pages-browser_node_modules_reown_appkit-ui_dist_esm_src_assets_svg_lightbulb_js.js","8540","22/09/2025 18:50:02"
".next\static\chunks\_app-pages-browser_node_modules_reown_appkit-ui_dist_esm_src_assets_svg_mail_js.js","4985","22/09/2025 18:50:02"
".next\static\chunks\_app-pages-browser_node_modules_reown_appkit-ui_dist_esm_src_assets_svg_mobile_js.js","3600","22/09/2025 18:50:02"
".next\static\chunks\_app-pages-browser_node_modules_reown_appkit-ui_dist_esm_src_assets_svg_more_js.js","3354","22/09/2025 18:50:02"
".next\static\chunks\_app-pages-browser_node_modules_reown_appkit-ui_dist_esm_src_assets_svg_network-placeholder_js.js","6296","22/09/2025 18:50:02"
".next\static\chunks\_app-pages-browser_node_modules_reown_appkit-ui_dist_esm_src_assets_svg_nftPlaceholder_js.js","6384","22/09/2025 18:50:02"
".next\static\chunks\_app-pages-browser_node_modules_reown_appkit-ui_dist_esm_src_assets_svg_off_js.js","3168","22/09/2025 18:50:02"
".next\static\chunks\_app-pages-browser_node_modules_reown_appkit-ui_dist_esm_src_assets_svg_play-store_js.js","4864","22/09/2025 18:50:02"
".next\static\chunks\_app-pages-browser_node_modules_reown_appkit-ui_dist_esm_src_assets_svg_plus_js.js","4008","22/09/2025 18:50:02"
".next\static\chunks\_app-pages-browser_node_modules_reown_appkit-ui_dist_esm_src_assets_svg_qr-code_js.js","5720","22/09/2025 18:50:02"
".next\static\chunks\_app-pages-browser_node_modules_reown_appkit-ui_dist_esm_src_assets_svg_recycle-horizontal_js.js","5489","22/09/2025 18:50:02"
".next\static\chunks\_app-pages-browser_node_modules_reown_appkit-ui_dist_esm_src_assets_svg_refresh_js.js","3352","22/09/2025 18:50:02"
".next\static\chunks\_app-pages-browser_node_modules_reown_appkit-ui_dist_esm_src_assets_svg_reown-logo_js.js","8436","22/09/2025 18:50:02"
".next\static\chunks\_app-pages-browser_node_modules_reown_appkit-ui_dist_esm_src_assets_svg_search_js.js","3219","22/09/2025 18:50:02"
".next\static\chunks\_app-pages-browser_node_modules_reown_appkit-ui_dist_esm_src_assets_svg_send_js.js","7912","22/09/2025 18:50:02"
".next\static\chunks\_app-pages-browser_node_modules_reown_appkit-ui_dist_esm_src_assets_svg_swapHorizontalBold_js.js","5071","22/09/2025 18:50:02"
".next\static\chunks\_app-pages-browser_node_modules_reown_appkit-ui_dist_esm_src_assets_svg_swapHorizontalMedium_js.js","5501","22/09/2025 18:50:02"
".next\static\chunks\_app-pages-browser_node_modules_reown_appkit-ui_dist_esm_src_assets_svg_swapHorizontalRounded-9fd29d.js","5854","22/09/2025 18:50:02"
".next\static\chunks\_app-pages-browser_node_modules_reown_appkit-ui_dist_esm_src_assets_svg_swapHorizontal_js.js","3584","22/09/2025 18:50:02"
".next\static\chunks\_app-pages-browser_node_modules_reown_appkit-ui_dist_esm_src_assets_svg_swapVertical_js.js","3550","22/09/2025 18:50:02"
".next\static\chunks\_app-pages-browser_node_modules_reown_appkit-ui_dist_esm_src_assets_svg_telegram_js.js","5781","22/09/2025 18:50:02"
".next\static\chunks\_app-pages-browser_node_modules_reown_appkit-ui_dist_esm_src_assets_svg_three-dots_js.js","4201","22/09/2025 18:50:02"
".next\static\chunks\_app-pages-browser_node_modules_reown_appkit-ui_dist_esm_src_assets_svg_twitch_js.js","4458","22/09/2025 18:50:02"
".next\static\chunks\_app-pages-browser_node_modules_reown_appkit-ui_dist_esm_src_assets_svg_twitterIcon_js.js","3596","22/09/2025 18:50:02"
".next\static\chunks\_app-pages-browser_node_modules_reown_appkit-ui_dist_esm_src_assets_svg_verify-filled_js.js","4073","22/09/2025 18:50:02"
".next\static\chunks\_app-pages-browser_node_modules_reown_appkit-ui_dist_esm_src_assets_svg_verify_js.js","5629","22/09/2025 18:50:02"
".next\static\chunks\_app-pages-browser_node_modules_reown_appkit-ui_dist_esm_src_assets_svg_wallet-placeholder_js.js","5385","22/09/2025 18:50:02"
".next\static\chunks\_app-pages-browser_node_modules_reown_appkit-ui_dist_esm_src_assets_svg_walletconnect_js.js","12516","22/09/2025 18:50:02"
".next\static\chunks\_app-pages-browser_node_modules_reown_appkit-ui_dist_esm_src_assets_svg_wallet_js.js","3877","22/09/2025 18:50:02"
".next\static\chunks\_app-pages-browser_node_modules_reown_appkit-ui_dist_esm_src_assets_svg_warning-circle_js.js","3504","22/09/2025 18:50:02"
".next\static\chunks\_app-pages-browser_node_modules_reown_appkit-ui_dist_esm_src_assets_svg_x_js.js","3509","22/09/2025 18:50:02"
".next\static\chunks\_app-pages-browser_node_modules_reown_appkit_dist_esm_exports_core_js.js","6891613","22/09/2025 18:50:02"
".next\static\chunks\_app-pages-browser_node_modules_reown_appkit_node_modules_noble_curves_esm_secp256k1_js.js","374780","22/09/2025 18:50:02"
".next\static\chunks\_app-pages-browser_node_modules_safe-global_safe-apps-provider_dist_index_js.js","3819003","22/09/2025 18:50:02"
".next\static\chunks\_app-pages-browser_node_modules_safe-global_safe-apps-sdk_dist_esm_index_js.js","215021","22/09/2025 18:50:02"
".next\static\chunks\_app-pages-browser_node_modules_viem__esm_utils_ccip_js.js","23277","22/09/2025 18:50:02"
".next\static\chunks\_app-pages-browser_node_modules_walletconnect_ethereum-provider_dist_index_es_js.js","2018866","22/09/2025 18:50:02"
".next\static\chunks\_app-pages-browser_node_modules_walletconnect_utils_node_modules_noble_curves_esm_secp256k1_js.js","375489","22/09/2025 18:50:02"
".next\static\chunks\app\layout.js","6334490","22/09/2025 18:56:05"
".next\static\chunks\app\page.js","6500565","22/09/2025 18:50:02"
".next\static\chunks\app\lab\page.js","128876","22/09/2025 18:53:31"
".next\static\chunks\app\roadmap\page.js","242637","22/09/2025 18:56:05"
".next\static\chunks\app\_not-found\page.js","14757","22/09/2025 18:51:38"
".next\static\css\app\layout.css","75184","22/09/2025 18:50:02"
".next\static\development\_buildManifest.js","161","22/09/2025 18:56:05"
".next\static\development\_ssgManifest.js","76","22/09/2025 18:56:05"
".next\static\webpack\20e8208ab30d0b22.webpack.hot-update.json","44","22/09/2025 18:51:38"
".next\static\webpack\26b9f68869564c19.webpack.hot-update.json","412","22/09/2025 18:53:31"
".next\static\webpack\331ca5a38a2a683b.webpack.hot-update.json","44","22/09/2025 18:56:05"
".next\static\webpack\6333091865d0f060.webpack.hot-update.json","44","22/09/2025 18:51:39"
".next\static\webpack\633457081244afec._.hot-update.json","22","22/09/2025 18:50:02"
".next\static\webpack\f49195331cb65014.webpack.hot-update.json","44","22/09/2025 18:55:08"
".next\static\webpack\webpack.20e8208ab30d0b22.hot-update.js","858","22/09/2025 18:51:38"
".next\static\webpack\webpack.26b9f68869564c19.hot-update.js","858","22/09/2025 18:53:31"
".next\static\webpack\webpack.331ca5a38a2a683b.hot-update.js","858","22/09/2025 18:56:05"
".next\static\webpack\webpack.6333091865d0f060.hot-update.js","858","22/09/2025 18:51:39"
".next\static\webpack\webpack.f49195331cb65014.hot-update.js","858","22/09/2025 18:55:08"
".next\static\webpack\app\layout.20e8208ab30d0b22.hot-update.js","1623","22/09/2025 18:51:38"
".next\static\webpack\app\layout.26b9f68869564c19.hot-update.js","1623","22/09/2025 18:53:31"
".next\static\webpack\app\layout.331ca5a38a2a683b.hot-update.js","1623","22/09/2025 18:56:05"
".next\static\webpack\app\layout.6333091865d0f060.hot-update.js","1623","22/09/2025 18:51:39"
".next\static\webpack\app\layout.f49195331cb65014.hot-update.js","1623","22/09/2025 18:55:08"
".next\types\package.json","18","22/09/2025 18:56:04"
".next\types\app\layout.ts","3496","22/09/2025 18:56:04"
".next\types\app\page.ts","3484","22/09/2025 18:56:04"
".next\types\app\api\query\route.ts","8477","22/09/2025 18:55:09"
".next\types\app\lab\page.ts","3502","22/09/2025 18:56:04"
".next\types\app\roadmap\page.ts","3514","22/09/2025 18:56:04"
".vercel\project.json","116","21/09/2025 12:57:22"
".vercel\README.txt","520","21/09/2025 12:57:22"
"bots\discord\bot.ts","2322","21/09/2025 12:03:56"
"bots\telegram\bot.ts","1435","21/09/2025 12:03:56"
"brand\ig_highlight_lab.svg","480","21/09/2025 12:03:56"
"brand\ig_highlight_roadmap.svg","484","21/09/2025 12:03:56"
"brand\ig_highlight_safety.svg","483","21/09/2025 12:03:56"
"brand\ig_highlight_start.svg","482","21/09/2025 12:03:56"
"content\social\instagram\captions\launch-1.md","312","21/09/2025 12:03:56"
"content\social\x\pinned-thread.md","863","21/09/2025 12:03:56"
